algorithm,inputType,n,timeNs,recursionDepth,metricName,metricValue
MergeSort,random,100,32958,4,comparisons,658
QuickSort,random,100,191583,3,comparisons,1134
MergeSort,sorted,100,14792,4,comparisons,244
QuickSort,sorted,100,90875,4,comparisons,1106
MergeSort,reverse,100,24458,4,comparisons,724
QuickSort,reverse,100,70000,4,comparisons,1135
MergeSort,duplicates,100,20459,4,comparisons,561
QuickSort,duplicates,100,17875,2,comparisons,498
DeterministicSelect,random,100,50958,7,comparisons,789
MergeSort,random,1000,350625,7,comparisons,10253
QuickSort,random,1000,953958,6,comparisons,19796
MergeSort,sorted,1000,368083,7,comparisons,3956
QuickSort,sorted,1000,98250,6,comparisons,16369
MergeSort,reverse,1000,151208,7,comparisons,10300
QuickSort,reverse,1000,99084,6,comparisons,17506
MergeSort,duplicates,1000,64750,7,comparisons,9772
QuickSort,duplicates,1000,28375,2,comparisons,6462
DeterministicSelect,random,1000,275209,10,comparisons,9477
MergeSort,random,10000,1051916,11,comparisons,126847
QuickSort,random,10000,1341333,8,comparisons,250162
MergeSort,sorted,10000,548625,11,comparisons,59248
QuickSort,sorted,10000,983875,8,comparisons,244642
MergeSort,reverse,10000,641625,11,comparisons,93648
QuickSort,reverse,10000,954875,8,comparisons,232505
MergeSort,duplicates,10000,962792,11,comparisons,121619
QuickSort,duplicates,10000,225667,3,comparisons,48173
DeterministicSelect,random,10000,1034583,12,comparisons,96699
ClosestPair,random,100,3460166,7,distanceComparisons,136
ClosestPair,random,1000,5423833,10,distanceComparisons,1146
ClosestPair,random,5000,15659250,12,distanceComparisons,6419
